First Name,Last Name,Email,Title,Company,Company Domain,LinkedIn,City,State,Apollo ID,Event Name,Event Date,Event Location,Talk Title
Miguel,Fonseca,miguel.fonseca@lviassociates.com,Senior Recruitment Consultant,LVI Associates,lviassociates.com,http://www.linkedin.com/in/miguel-fonseca1,Dallas,Texas,61f4e911bfab600001c291c1,Bloomberg Sustainable Business Summit Singapore 2026,22nd July 2026,Singapore,Energy & Growth
Jain,Maheep,,Owner,Aravali Polymers,aravaliengineers.com,http://www.linkedin.com/in/jain-maheep-0839251a,Udaipur,Rajasthan,54a41a6c7468692cf00e7c2c,Bloomberg Sustainable Business Summit Singapore 2026,22nd July 2026,Singapore,Energy & Growth
Esther,An,estheran@cdl.com.sg,Chief Sustainability Officer,City Developments Limited,cdl.com.sg,http://www.linkedin.com/in/estherancdl,Singapore,,6261251d7d9a0e0001963627,Bloomberg Sustainable Business Summit Singapore 2026,22nd July 2026,Singapore,Strategic Advantage
Maurizio,Brusadelli,maurizio.brusadelli@noovle.com,Senior Network Architect,Noovle,noovle.com,http://www.linkedin.com/in/maurizio-brusadelli-b218b3bb,,Lombardy,57d4d12ea6da985376597e39,Bloomberg Sustainable Business Summit Singapore 2026,22nd July 2026,Singapore,Strategic Advantage
Kelvin,Chiu,kelvin.chiu@silverstrand.capital,Founder & Principal,Silverstrand Capital,silverstrand.capital,http://www.linkedin.com/in/kelvin-chiu-silvercape,Singapore,,66f1ab454c9c030001a72454,Bloomberg Sustainable Business Summit Singapore 2026,22nd July 2026,Singapore,Energy & Growth
Piyush,Gupta,piyush@sevihealth.com,Co-Founder // CEO,Sevi Health,sevihealth.com,http://www.linkedin.com/in/piyushgupta203,New York,New York,5f7cee1d488947000186eef2,Bloomberg Sustainable Business Summit Singapore 2026,22nd July 2026,Singapore,Strategic Advantage
Jacqueline,Lam,jacquelinelam@hku.hk,Visiting Scholar,MIT - Center for Energy and Environmental Policy Research,,http://www.linkedin.com/in/jacqueline-lam-86678726,Hong Kong,,5b212d13a6da98eee054b35d,Bloomberg Sustainable Business Summit Singapore 2026,22nd July 2026,Singapore,Risk & Resilience
Peck,Khamkanist,peck@impactelectrons.com,Founder,Impact Electrons Siam (IES),impactelectrons.com,http://www.linkedin.com/in/peck-khamkanist-97456b207,Bangkok,Bangkok,60b48acd318c3f00018356be,Bloomberg Sustainable Business Summit Singapore 2026,22nd July 2026,Singapore,Energy & Growth
Eugenia,Koh,eugenia.koh@sc.com,"MD, Global Head, Sustainable Finance, WRB",Standard Chartered,sc.com,http://www.linkedin.com/in/eugenia-koh-a177404,Singapore,,6112006a60c2fb000166f35a,Bloomberg Sustainable Business Summit Singapore 2026,22nd July 2026,Singapore,Strategic Advantage
